<datapower-configuration version="3"><export-details><description>Exported Configuration</description><user>admin</user><domain>default</domain><comment/><product-id>5725</product-id><product>IDG</product><display-product>IDG</display-product><model>IBM DataPower Gateway</model><display-model>IBM DataPower Gateway</display-model><device-name>10.8.5.19:9090</device-name><serial-number>0000000</serial-number><firmware-version>IDG.7.1.0.1</firmware-version><display-firmware-version>IDG.7.1.0.1</display-firmware-version><firmware-build>253798</firmware-build><firmware-timestamp>2014/11/13 16:42:58</firmware-timestamp><current-date>2015-04-18</current-date><current-time>11:39:46 EDT</current-time><reset-date>2015-04-18</reset-date><reset-time>10:46:22 EDT</reset-time><login-message/><custom-ui-file/></export-details><interface-data><interface name="eth0" type="Ethernet" vers="ipv4" ip-addr="10.8.5.19"/><interface name="eth1" type="Ethernet" vers="ipv4" ip-addr="192.168.254.138"/></interface-data><configuration><Domain name="PGP_Example" xmlns:dp="http://www.datapower.com/schemas/management" xmlns:env="http://www.w3.org/2003/05/soap-envelope">
<mAdminState>enabled</mAdminState>
<BaseDir>PGP_Example:</BaseDir>
<BaseDir>local:</BaseDir>
<ConfigFile>PGP_Example.cfg</ConfigFile>
<NeighborDomain class="Domain">default</NeighborDomain>
<URLMap>
<http>on</http>
<https>on</https>
<snmp>off</snmp>
<ftp>off</ftp>
<mailto>off</mailto>
<mq>off</mq></URLMap>
<FileMap>
<CopyFrom>on</CopyFrom>
<CopyTo>on</CopyTo>
<Delete>on</Delete>
<Display>on</Display>
<Exec>on</Exec>
<Subdir>on</Subdir></FileMap>
<MonitoringMap>
<Audit>on</Audit>
<Log>on</Log></MonitoringMap>
<ConfigMode>local</ConfigMode>
<ImportFormat>ZIP</ImportFormat>
<LocalIPRewrite>on</LocalIPRewrite>
<MaxChkpoints>3</MaxChkpoints></Domain></configuration><domains><domain name="PGP_Example"/></domains></datapower-configuration>